{"pixen.kill":1,"stat.pickup.lycanitesmobs.soulstone_worm":1,"stat.useItem.minecraft.bow":3,"stat.pickup.lycanitesmobs.chaosorbcharge":4,"stat.craftItem.vampirism.altar_inspiration":1,"stat.leaveGame":22,"darkling.kill":3,"stat.craftItem.mysticalagriculture.infusion_crystal":1,"stat.drop.minecraft.gunpowder":3,"stat.pickup.tconstruct.edible":73,"stat.pickup.tombstone.familiar_stone":3,"stat.pickup.mutantbeasts.mutant_skeleton_pelvis":2,"stat.mineBlock.minecraft.web":14,"stat.drop.minecraft.feather":10,"stat.pickup.xreliquary.mob_ingredient":9,"stat.mineBlock.bewitchment.silver_ore":3,"stat.drop.bewitchment.aconitum_seeds":1,"stat.pickup.lycanitesmobs.bloodleechcharge":8,"stat.pickup.minecraft.rotten_flesh":79,"silex.kill":1,"stat.useItem.abyssalcraft.cobblestone":10,"stat.craftItem.minecraft.iron_shovel":3,"stat.pickup.minecraft.brown_mushroom":3,"stat.killEntity.Witch":1,"stat.pickup.quark.tallow":20,"stat.useItem.minecraft.iron_pickaxe":43,"stat.craftItem.minecraft.wooden_pickaxe":1,"stat.useItem.minecraft.iron_shovel":621,"stat.useItem.evilcraft.undead_sapling":1,"stat.craftItem.minecraft.bed":2,"stat.mineBlock.minecraft.vine":4,"stat.furnaceInteraction":123,"stat.useItem.minecraft.nether_wart":7,"stat.pickup.evilcraft.werewolf_bone":2,"necrovore.kill":21,"stat.craftItem.vampirism.item_coffin":2,"stat.entityKilledBy.abyssalcraft.abyssalzombie":2,"stat.pickup.minecraft.beef":6,"stat.useItem.quark.marble":1,"stat.craftItem.mysticalagriculture.crafting":42,"stat.pickup.lycanitesmobs.spectralboltcharge":16,"stat.useItem.vampirism.item_coffin":1,"stat.mineBlock.minecraft.fence":5,"stat.useItem.minecraft.flint_and_steel":1,"stat.pickup.lycanitesmobs.raw_aspid_meat":5,"stat.pickup.lycanitesmobs.tricksterflarecharge":3,"stat.pickup.minecraft.emerald":6,"stat.pickup.lycanitesmobs.raw_krake_meat":8,"stat.pickup.lycanitesmobs.raw_chupacabra_meat":5,"stat.deaths":157,"stat.pickup.minecraft.egg":4,"stat.craftItem.minecraft.iron_pickaxe":1,"aspid.kill":4,"stat.craftItem.conarm.armorstation":1,"stat.drop.minecraft.torch":2,"stat.drop.minecraft.glass_bottle":3,"stat.craftItem.mutantbeasts.mutant_skeleton_arms":2,"stat.mineBlock.minecraft.tallgrass":117,"stat.craftItem.minecraft.cooked_mutton":5,"stat.pickup.tconstruct.seared":1,"stat.chestOpened":728,"stat.useItem.minecraft.splash_potion":1,"stat.pickup.lycanitesmobs.darklingskull":1,"stat.useItem.minecraft.stone":23,"stat.pickup.minecraft.arrow":23,"stat.pickup.minecraft.iron_sword":1,"stat.pickup.minecraft.wooden_pressure_plate":1,"stat.useItem.howlingmoon.potion_wolfsbane":2,"stat.pickup.divinerpg.arlemite_ore":7,"stat.craftItem.minecraft.quartz_block":2,"stat.pickup.minecraft.gold_nugget":2,"geist.kill":1,"stat.craftItem.evilcraft.dark_spike":16,"stat.pickup.mutantbeasts.mutant_skeleton_shoulder_pad":4,"stat.pickup.bewitchment.silver_ore":3,"stat.mineBlock.abyssalcraft.stone":81,"stat.pickup.minecraft.carrot":1,"stat.pickup.mutantbeasts.mutant_skeleton_skull":3,"stat.pickup.lycanitesmobs.doomfireballcharge":7,"stat.crouchOneCm":19779,"stat.mineBlock.minecraft.chest":3,"stat.craftItem.minecraft.iron_ingot":187,"stat.pickup.vampirism.blood_container":4,"stat.pickup.evilcraft.hardened_blood_shard":36,"stat.drop.minecraft.slime_ball":4,"stat.craftingTableInteraction":104,"stat.mineBlock.minecraft.wooden_pressure_plate":1,"stat.pickup.minecraft.nether_brick_fence":6,"stat.craftItem.fossil.vase_amphora":1,"stat.craftItem.tconstruct.pattern":8,"stat.mineBlock.minecraft.log2":1,"stat.mineBlock.fossil.figurine":5,"stat.useItem.minecraft.reeds":1,"stat.pickup.minecraft.dye":15,"stat.pickup.minecraft.planks":32,"chupacabra.kill":1,"stat.pickup.minecraft.wheat_seeds":11,"stat.drop.mysticalagriculture.crafting":4,"stat.craftItem.lycanitesmobs.spectralboltcharge":4,"stat.entityKilledBy.Anthermite":1,"stat.mineBlock.fossil.volcanic_rock":1,"djinn.kill":1,"stat.mineBlock.minecraft.dirt":316,"stat.craftItem.evilcraft.dark_tank":1,"stat.pickup.minecraft.brewing_stand":1,"stat.pickup.lycanitesmobs.geonachfist":1,"stat.pickup.roots.wildroot":3,"stat.drop.minecraft.rotten_flesh":3,"stat.useItem.minecraft.cobblestone":436,"stat.pickup.mysticalworld.pearl":2,"stat.mineBlock.evilcraft.hardened_blood":15,"stat.craftItem.minecraft.gold_ingot":11,"stat.drop.minecraft.sapling":2,"stat.pickup.minecraft.chicken":6,"stat.craftItem.minecraft.brewing_stand":1,"stat.drop.minecraft.fish":4,"stat.craftItem.minecraft.bucket":3,"stat.useItem.minecraft.iron_sword":727,"stat.craftItem.minecraft.planks":296,"stat.drop.lycanitesmobs.poisongland":4,"stat.useItem.minecraft.stonebrick":15,"stat.mineBlock.minecraft.log":75,"stat.killEntity.evilcraft.netherfish":1,"stat.craftItem.minecraft.paper":3,"stat.craftItem.mutantbeasts.mutant_skeleton_leggings":2,"stat.pickup.mutantbeasts.mutant_skeleton_limb":16,"stat.pickup.minecraft.red_flower":1,"stat.pickup.minecraft.wool":29,"ent.kill":3,"stat.pickup.lycanitesmobs.epionwing":1,"stat.pickup.bewitchment.hellebore_seeds":1,"stat.craftItem.fossil.skull_lantern":1,"stat.pickup.fossil.fossil_seed_fern":1,"stat.mineBlock.fossil.skull_lantern":1,"stat.pickup.fossil.biofossil":24,"stat.useItem.minecraft.iron_axe":186,"stat.pickup.cyclicmagic.emerald_pickaxe":4,"stat.mineBlock.minecraft.cobblestone":74,"stat.pickup.minecraft.flint":22,"stat.craftItem.tombstone.grave_key":29,"stat.entityKilledBy.Witch":1,"stat.pickup.abyssalcraft.corflesh":2,"stat.pickup.howlingmoon.wolfsbane":2,"stat.pickup.cyberware.katana":1,"stat.craftItem.minecraft.wool":4,"stat.craftItem.lycanitesmobs.venomshotcharge":8,"stat.mineBlock.vampirism.altar_inspiration":2,"stat.pickup.minecraft.enchanted_book":16,"stat.drop.mutantbeasts.mutant_skeleton_leggings":1,"stat.craftItem.vampirism.blood_container":1,"stat.craftItem.vampirism.blood_sieve":1,"stat.pickup.vampirism.blood_bottle":2,"stat.useItem.minecraft.obsidian":17,"stat.pickup.wings.fairy_dust":19,"stat.useItem.minecraft.stone_slab2":123,"stat.pickup.minecraft.bow":2,"stat.killEntity.Piranha":9,"stat.craftItem.fossil.sifter":1,"stat.craftItem.minecraft.iron_boots":1,"stat.pickup.mysticalworld.silkworm_egg":1,"stat.mineBlock.fossil.permafrost":4,"stat.craftItem.minecraft.cooked_beef":6,"stat.mineBlock.fossil.skull_block":1,"stat.pickup.mutantbeasts.mutant_skeleton_rib":12,"stat.mineBlock.minecraft.clay":52,"stat.flyOneCm":2784004,"stat.pickup.bewitchment.aconitum_seeds":1,"stat.pickup.minecraft.nether_brick_stairs":6,"stat.pickup.minecraft.fish":54,"stat.craftItem.mysticalworld.copper_ingot":10,"stat.pickup.bewitchment.mandrake_seeds":1,"wraamon.kill":3,"stat.timeSinceDeath":9536,"stat.drop.abyssalcraft.cobblestone":2,"stat.pickup.travelersbackpack.travelers_backpack":1,"stat.useItem.minecraft.potato":6,"stat.entityKilledBy.divinerpg.pumpkin_spider":1,"stat.craftItem.tconstruct.seared":51,"stat.pickup.minecraft.nether_wart":20,"stat.drop.lycanitesmobs.raw_aspid_meat":2,"stat.craftItem.projecte.item.pe_philosophers_stone":1,"stat.mineBlock.minecraft.coal_ore":127,"stat.drop.minecraft.wool":1,"stat.mineBlock.mysticalworld.copper_ore":14,"stat.talkedToVillager":14,"stat.pickup.minecraft.string":22,"stat.pickup.lycanitesmobs.stryderheart":3,"grue.kill":3,"stat.pickup.tombstone.crafting_ingredient":17,"stat.useItem.minecraft.milk_bucket":3,"stat.craftItem.tconstruct.tooltables":2,"stat.sprintOneCm":851027,"stat.mineBlock.minecraft.stone_slab":2,"stat.useItem.tombstone.magic_scroll":1,"stat.drop.divinerpg.arlemite_stabber":1,"stat.mineBlock.minecraft.diamond_ore":15,"stat.craftItem.evilcraft.blood_extractor":7,"stat.craftItem.mysticalagriculture.tier1_inferium_seeds":3,"stat.entityKilledBy.evilcraft.werewolf":1,"stat.pickup.fossil.relic_scrap":16,"stat.waystones:waystonesActivated":1,"stat.pickup.minecraft.leather_leggings":1,"stat.pickup.minecraft.sugar":1,"stat.drop.mutantbeasts.mutant_skeleton_skull":1,"stat.killEntity.divinerpg.jack_o_man":1,"stat.pickup.lycanitesmobs.immunizer":1,"stat.drop.tombstone.grave_key":22,"stat.pickup.tombstone.grave_key":20,"stat.mineBlock.mysticalagriculture.prosperity_ore":10,"stat.killEntity.Zombie":55,"stat.craftItem.minecraft.dye":20,"stat.pickup.minecraft.snowball":13,"stat.pickup.roots.terra_spores":3,"stat.mineBlock.minecraft.gold_ore":5,"stat.diveOneCm":108363,"stat.useItem.cyclicmagic.emerald_pickaxe":1621,"stat.mineBlock.minecraft.mossy_cobblestone":15,"stat.craftItem.minecraft.cooked_porkchop":8,"abaia.kill":3,"stat.useItem.lycanitesmobs.cooked_aspid_meat":3,"stat.pickup.minecraft.obsidian":9,"stat.mineBlock.mysticalagriculture.inferium_ore":31,"stat.pickup.betternether.black_bush":3,"stat.jump":7169,"stat.pickup.minecraft.coal":180,"stat.pickup.minecraft.iron_ingot":14,"stat.mineBlock.fossil.fossil":74,"stat.pickup.minecraft.gunpowder":11,"stat.craftItem.minecraft.torch":132,"stat.pickup.minecraft.dirt":372,"stat.pickup.evilcraft.dark_gem_crushed":3,"stat.mineBlock.wings.amethyst_ore":1,"stat.pickup.lycanitesmobs.poisongland":34,"roc.kill":48,"reaper.kill":6,"stat.pickup.minecraft.gold_ore":9,"stat.mineBlock.minecraft.lapis_ore":2,"stat.mineBlock.minecraft.glass_pane":4,"stat.brewingstandInteraction":6,"stat.damageTaken":54863,"stat.mineBlock.minecraft.torch":30,"stat.killEntity.tconstruct.blueslime":85,"stat.pickup.minecraft.ender_eye":3,"stat.pickup.minecraft.log2":1,"stat.mineBlock.evilcraft.undead_sapling":1,"stat.craftItem.mutantbeasts.mutant_skeleton_chestplate":2,"stat.pickup.minecraft.bed":2,"stat.entityKilledBy.Zombie":4,"stat.killEntity.entity_frog":3,"stat.pickup.evilcraft.dark_power_gem":2,"geonach.kill":17,"stat.useItem.minecraft.chest":14,"stat.craftItem.tconstruct.smeltery_io":1,"stat.pickup.lycanitesmobs.lightballcharge":2,"stat.pickup.mysticalworld.copper_ore":14,"stat.drop.lycanitesmobs.bloodleechcharge":4,"stat.craftItem.evilcraft.blood_infuser":1,"stat.craftItem.evilcraft.blood_chest":1,"stat.pickup.lycanitesmobs.aetherwavecharge":1,"stat.useItem.cyclicmagic.heart_food":1,"stat.useItem.tconstruct.faucet":1,"stat.craftItem.minecraft.potato":19,"epion.kill":4,"stat.craftItem.minecraft.iron_chestplate":2,"stat.mineBlock.evilcraft.nether_monster_block":2,"stat.pickup.minecraft.ender_pearl":22,"stat.useItem.minecraft.netherrack":9,"stat.craftItem.travelersbackpack.sleeping_bag_bottom":1,"stat.craftItem.mutantbeasts.mutant_skeleton_rib_cage":2,"stat.mineBlock.minecraft.stonebrick":34,"stat.mineBlock.minecraft.glowstone":2,"stat.mobKills":392,"stat.pickup.fossil.broken_sword":3,"stat.craftItem.minecraft.shears":1,"stat.pickup.fossil.skull_block":2,"stat.useItem.minecraft.boat":2,"stat.pickup.minecraft.diamond":18,"stat.mineBlock.wings.fairy_dust_ore":14,"stat.pickup.minecraft.torch":46,"stat.mineBlock.bewitchment.salt_ore":5,"stat.useItem.divinerpg.arlemite_stabber":193,"stat.mineBlock.abyssalcraft.cobblestone":9,"stat.pickup.evilcraft.werewolf_flesh":4,"stat.mineBlock.bewitchment.amethyst_ore":4,"stat.drop.minecraft.mutton":1,"stat.entityKilledBy.abyssalcraft.lessershoggoth":1,"stat.craftItem.minecraft.iron_axe":1,"stat.useItem.minecraft.soul_sand":22,"stat.killEntity.mutantbeasts.mutant_skeleton":2,"stat.useItem.minecraft.planks":36,"stat.pickup.minecraft.glowstone_dust":20,"dweller.kill":2,"stat.pickup.minecraft.porkchop":22,"stat.craftItem.evilcraft.blood_infusion_core":2,"stat.mineBlock.divinerpg.realmite_ore":2,"stat.useItem.minecraft.water_bucket":21,"stat.mineBlock.minecraft.nether_brick_fence":6,"stat.pickup.minecraft.sand":164,"stat.drop.minecraft.golden_leggings":2,"morock.kill":2,"stat.killEntity.abyssalcraft.abyssalzombie":3,"stat.pickup.lycanitesmobs.venomshotcharge":30,"stat.craftItem.tconstruct.casting":2,"stat.pickup.lycanitesmobs.aquapulsecharge":28,"shade.kill":1,"stat.mineBlock.fossil.iced_stone":13,"stat.useItem.minecraft.ender_pearl":4,"stat.mineBlock.minecraft.snow_layer":4,"stat.mineBlock.minecraft.sand":181,"stat.pickup.quark.marble":10,"stat.craftItem.minecraft.cooked_fish":7,"remobra.kill":15,"stat.drop.mysticalworld.silkworm_egg":1,"stat.pickup.evilcraft.undead_sapling":1,"stat.craftItem.divinerpg.arlemite_ingot":7,"stat.useItem.minecraft.cooked_mutton":5,"stat.craftItem.minecraft.ender_pearl":27,"stat.craftItem.travelersbackpack.travelers_backpack":2,"stat.craftItem.lycanitesmobs.boulderblastcharge":12,"stat.pickup.tombstone.magic_scroll":5,"stat.entityKilledBy.mutantbeasts.mutant_skeleton":4,"stat.pickup.abyssalcraft.cobblestone":88,"stat.craftItem.fossil.worktable":1,"stat.craftItem.minecraft.sand":11,"stat.mineBlock.minecraft.soul_sand":25,"stat.mineBlock.minecraft.oak_stairs":2,"stat.playOneMinute":856005,"stat.drop.lycanitesmobs.venomshotcharge":4,"stat.pickup.mysticalworld.aubergine_seed":2,"stat.pickup.minecraft.iron_bars":4,"stat.pickup.minecraft.netherrack":42,"stat.pickup.minecraft.pumpkin":1,"stat.craftItem.minecraft.carpet":3,"stat.mineBlock.minecraft.netherrack":42,"stat.pickup.minecraft.waterlily":2,"stat.mineBlock.minecraft.ice":4,"stat.pickup.howlingmoon.potion_wolfsbane":3,"stat.craftItem.minecraft.flint":1,"stat.mineBlock.minecraft.gold_block":1,"stat.craftItem.minecraft.iron_hoe":1,"stat.fallOneCm":214169,"stat.drop.minecraft.dye":1,"stat.pickup.minecraft.melon_seeds":4,"stat.craftItem.minecraft.chest":17,"stat.pickup.minecraft.red_mushroom":4,"stat.pickup.minecraft.golden_leggings":3,"stat.useItem.minecraft.iron_hoe":39,"jengu.kill":16,"stat.entityKilledBy.Werewolf":1,"wisp.kill":1,"stat.pickup.minecraft.feather":111,"stat.drop.minecraft.bone":4,"gnekk.kill":2,"stat.craftItem.tconstruct.materials":286,"stat.pickup.lycanitesmobs.geonachspear":4,"stat.mineBlock.minecraft.gravel":130,"stat.craftItem.tconstruct.seared_tank":1,"stat.useItem.minecraft.wool":1,"stat.pickup.bewitchment.amethyst":4,"stat.useItem.minecraft.iron_bars":1,"stat.useItem.minecraft.torch":163,"stat.drop.tombstone.crafting_ingredient":5,"stat.pickup.minecraft.crafting_table":1,"stat.craftItem.minecraft.crafting_table":8,"stat.mineBlock.quark.stone_speleothem":1,"stat.craftItem.minecraft.boat":2,"stat.mineBlock.minecraft.emerald_ore":4,"stat.pickup.minecraft.log":84,"stat.useItem.minecraft.cooked_fish":7,"stat.mineBlock.galacticraftcore.basic_block_core":69,"stat.craftItem.minecraft.carrot":1,"stat.pickup.minecraft.sapling":15,"stat.pickup.minecraft.wooden_door":2,"stat.craftItem.tconstruct.smeltery_controller":1,"stat.pickup.quark.root":1,"stat.craftItem.minecraft.deadbush":2,"stat.craftItem.minecraft.cooked_chicken":6,"stat.killEntity.mutantbeasts.mutant_enderman":1,"stat.pickup.lycanitesmobs.cleansingcrystal":3,"stat.pickup.vampirism.human_heart":2,"stat.craftItem.mutantbeasts.mutant_skeleton_boots":2,"stat.sneakTime":12320,"stat.pickup.minecraft.rabbit":1,"stat.pickup.minecraft.stone_slab":1,"stat.killEntity.Hunter":1,"stat.pickup.minecraft.chest":3,"stat.useItem.minecraft.web":2,"stat.useItem.mysticalagriculture.tier1_inferium_seeds":2,"stat.drop.cyclicmagic.emerald_pickaxe":4,"stat.pickup.minecraft.bone":252,"stat.pickup.evilcraft.blood_extractor":1,"stat.pickup.lycanitesmobs.remobrawing":2,"stat.pickup.evilcraft.werewolf_fur":1,"stat.craftItem.tconstruct.faucet":2,"stat.pickup.divinerpg.terran_shards":2,"stat.pickup.fossil.figurine":5,"stat.swimOneCm":124992,"stat.climbOneCm":43940,"stat.mineBlock.evilcraft.dark_ore":16,"strider.kill":1,"trite.kill":3,"stat.drop.minecraft.brown_mushroom":1,"stat.useItem.minecraft.dirt":161,"vapula.kill":5,"stat.entityKilledBy.mutantbeasts.mutant_enderman":4,"stat.entityKilledBy.vampirism.vampire_hunter":2,"stat.pickup.mutantbeasts.mutant_skeleton_leggings":1,"stat.drop.minecraft.ender_pearl":13,"stat.pickup.minecraft.cobblestone":1087,"stat.craftItem.vampiresneedumbrellas.iron_umbrella_rod":2,"stat.pickup.minecraft.gold_block":1,"stat.craftItem.lycanitesmobs.bloodleechcharge":4,"stat.craftItem.minecraft.glass_bottle":9,"stat.pickup.minecraft.glass_bottle":6,"stat.pickup.minecraft.soul_sand":24,"stat.drop.minecraft.wheat_seeds":1,"stat.useItem.minecraft.cooked_beef":6,"stat.pickup.minecraft.redstone":13,"stat.mineBlock.minecraft.iron_ore":110,"stat.killEntity.evilcraft.werewolf":1,"stat.pickup.fossil.plant_fossil":14,"stat.pickup.minecraft.mutton":13,"stat.pickup.minecraft.mossy_cobblestone":15,"stat.pickup.minecraft.stonebrick":28,"stat.pickup.galacticraftcore.basic_block_core":84,"krake.kill":3,"stat.drop.minecraft.dirt":5,"stat.useItem.minecraft.cooked_porkchop":5,"stat.pickup.lycanitesmobs.whirlwindcharge":2,"stat.killEntity.vampirism.vampire_hunter":13,"stat.drop.evilcraft.dark_gem":3,"stat.craftItem.tconstruct.soil":286,"stat.craftItem.lycanitesmobs.lobdarklingscharge":4,"stat.craftItem.minecraft.stone_slab2":0,"stat.craftItem.minecraft.stick":60,"stat.killEntity.entity_clam":2,"stat.craftItem.minecraft.gold_nugget":18,"stat.mineBlock.minecraft.crafting_table":1,"stat.entityKilledBy.tconstruct.blueslime":1,"stat.mineBlock.divinerpg.arlemite_ore":7,"stat.mineBlock.howlingmoon.wolfsbane":1,"stat.mineBlock.minecraft.planks":33,"stat.drop":105,"stat.craftItem.cyclicmagic.tool_warp_home":1,"stat.craftItem.fossil.analyzer":1,"stat.killEntity.Sheep":6,"stat.useItem.tconstruct.seared":43,"stat.pickup.minecraft.slime_ball":26,"stat.pickup.cyberware.shades2":1,"stat.craftItem.lycanitesmobs.cooked_aspid_meat":3,"stat.pickup.vampirism.altar_inspiration":2,"stat.pickup.fossil.iced_meat":1,"stat.pickup.minecraft.gravel":152,"stat.useItem.minecraft.glass_bottle":3,"stat.useItem.minecraft.waterlily":2,"stat.useItem.minecraft.potion":1,"stat.craftItem.travelersbackpack.backpack_tank":2,"stat.pickup.minecraft.fence":5,"stat.useItem.projecte.item.pe_philosophers_stone":192,"stat.pickup.minecraft.spider_eye":3,"stat.craftItem.minecraft.iron_helmet":1,"stat.pickup.divinerpg.realmite_ore":2,"stat.useItem.minecraft.cooked_chicken":3,"stat.pickup.minecraft.iron_ore":140,"stat.boatOneCm":38500,"stat.mineBlock.minecraft.iron_bars":5,"stat.craftItem.minecraft.flint_and_steel":1,"stat.mineBlock.minecraft.leaves2":1,"stat.pickup.minecraft.leather":11,"stat.craftItem.minecraft.iron_bars":16,"stat.useItem.minecraft.wooden_pickaxe":12,"stat.dispenserInspected":2,"stat.pickup.minecraft.prismarine_shard":23,"stat.pickup.evilcraft.dark_gem":32,"stat.pickup.mysticalagriculture.crafting":157,"stat.pickup.minecraft.prismarine_crystals":12,"stat.pickup.minecraft.reeds":9,"tombstone:undead_killed":115,"stat.useItem.tombstone.grave_key":107,"stat.pickup.bewitchment.wormwood_seeds":1,"stat.pickup.minecraft.oak_stairs":2,"stat.pickup.bewitchment.belladonna_seeds":1,"stat.damageDealt":65543,"stat.craftItem.minecraft.glass":41,"stat.craftItem.minecraft.cauldron":1,"stat.pickup.betternether.agave":1,"stat.sleepInBed":11,"stat.mineBlock.minecraft.nether_brick_stairs":6,"stat.killEntity.Cow":3,"stat.mineBlock.quark.roots_blue_flower":1,"stat.killEntity.Pig":5,"stat.craftItem.minecraft.gravel":1,"stat.craftItem.minecraft.iron_sword":2,"stat.craftItem.divinerpg.arlemite_stabber":1,"stat.pickup.minecraft.boat":2,"stat.walkOneCm":2994341,"stat.playerKills":2,"stat.pickup.minecraft.stick":10,"stat.craftItem.quark.custom_chest":2,"stat.pickup.minecraft.clay_ball":224,"stat.pickup.quark.root_flower":1,"stat.pickup.minecraft.stone":164,"stat.craftItem.vampiresneedumbrellas.white_iron_umbrella":1,"stat.mineBlock.minecraft.wool":20,"stat.pickup.lycanitesmobs.crystalshardcharge":21,"stat.pickup.minecraft.chorus_fruit":2,"stat.pickup.lycanitesmobs.reaperclaw":1,"stat.pickup.fossil.skull_lantern":1,"stat.killEntity.Skeleton":17,"stat.pickup.vampirism.holy_salt":2,"stat.pickup.bewitchment.salt":35,"stat.killEntity.Chicken":6,"stat.pickup.minecraft.quartz":92,"stat.pickup.bewitchment.garlic_seeds":2,"belph.kill":3,"stat.mineBlock.minecraft.leaves":44,"stat.mineBlock.tconstruct.seared":1,"stat.mineBlock.minecraft.redstone_ore":3,"stat.craftItem.galacticraftcore.basic_item":59,"stat.mineBlock.minecraft.stone":733}