{"stat.useItem.minecraft.bow":65,"stat.drop.minecraft.mutton":5,"stat.entityKilledBy.abyssalcraft.lessershoggoth":1,"stat.leaveGame":84,"darkling.kill":3,"stat.pickup.extrautils2.redorchid":3,"stat.pickup.tconstruct.edible":17,"stat.pickup.tombstone.familiar_stone":1,"stat.killEntity.vampirism.vampire":1,"zephyr.kill":2,"stat.useItem.minecraft.planks":8,"stat.drop.roots.wildroot":1,"stat.useItem.tombstone.familiar_stone":1,"stat.mineBlock.minecraft.web":13,"stat.pickup.minecraft.glowstone_dust":20,"stat.drop.minecraft.feather":11,"stat.pickup.minecraft.porkchop":6,"stat.pickup.xreliquary.mob_ingredient":1,"stat.pickup.minecraft.blaze_powder":4,"stat.mineBlock.minecraft.stone_brick_stairs":1,"stat.pickup.minecraft.rotten_flesh":32,"stat.pickup.lycanitesmobs.venomshotcharge":3,"stat.pickup.minecraft.leather_boots":1,"stat.pickup.minecraft.brown_mushroom":2,"stat.pickup.quark.tallow":5,"remobra.kill":1,"stat.drop.mysticalworld.silkworm_egg":1,"stat.entityKilledBy.vampirism.vampire":3,"stat.pickup.minecraft.armor_stand":1,"stat.mineBlock.minecraft.vine":14,"stat.useItem.minecraft.oak_stairs":2,"stat.furnaceInteraction":4,"stat.useItem.minecraft.golden_carrot":1,"stat.drop.extrautils2.redorchid":2,"stat.drop.vampirism.blood_bottle":1,"stat.pickup.extrautils2.enderlilly":2,"stat.useItem.roots.terra_spores":1,"stat.entityKilledBy.abyssalcraft.abyssalzombie":1,"aegis.kill":1,"stat.pickup.lycanitesmobs.spectralboltcharge":9,"stat.pickup.minecraft.hay_block":24,"stat.pickup.minecraft.leather_helmet":1,"stat.pickup.minecraft.iron_chestplate":1,"stat.pickup.minecraft.skull":3,"stat.pickup.howlingmoon.moonstone":1,"stat.entityKilledBy.mutantbeasts.mutant_skeleton":6,"stat.pickup.minecraft.stone_stairs":4,"stat.drop.minecraft.nether_brick_stairs":1,"stat.pickup.minecraft.golden_carrot":6,"stat.pickup.minecraft.fermented_spider_eye":1,"stat.drop.bewitchment.hellebore_seeds":1,"stat.mineBlock.minecraft.oak_stairs":5,"stat.pickup.lycanitesmobs.raw_chupacabra_meat":1,"stat.deaths":100,"stat.pickup.minecraft.mycelium":2,"stat.pickup.minecraft.egg":3,"stat.playOneMinute":520765,"stat.pickup.minecraft.blaze_rod":4,"stat.pickup.mysticalworld.aubergine_seed":1,"stat.pickup.minecraft.item_frame":1,"stat.drop.roots.terra_spores":3,"stat.pickup.minecraft.iron_bars":4,"stat.drop.minecraft.glass_bottle":1,"stat.mineBlock.minecraft.tallgrass":30,"stat.chestOpened":163,"stat.useItem.minecraft.splash_potion":1,"stat.craftItem.minecraft.carpet":2,"stat.pickup.minecraft.waterlily":6,"stat.drop.mysticalworld.aubergine_seed":1,"stat.killEntity.Anthermite":18,"stat.fallOneCm":305048,"stat.pickup.minecraft.carrot":18,"stat.pickup.minecraft.melon_seeds":4,"stat.pickup.mutantbeasts.mutant_skeleton_skull":1,"stat.crouchOneCm":3043,"stat.craftItem.minecraft.iron_ingot":17,"stat.drop.extrautils2.enderlilly":1,"stat.craftingTableInteraction":5,"stat.pickup.minecraft.nether_brick_fence":1,"stat.pickup.minecraft.feather":41,"stat.drop.minecraft.bone":11,"chupacabra.kill":1,"stat.pickup.minecraft.planks":4,"stat.pickup.minecraft.iron_leggings":1,"stat.pickup.minecraft.wheat_seeds":29,"stat.drop.mysticalagriculture.crafting":2,"stat.mineBlock.minecraft.glass":2,"stat.entityKilledBy.Anthermite":1,"stat.mineBlock.minecraft.dirt":30,"stat.useItem.minecraft.iron_bars":1,"stat.pickup.roots.wildroot":2,"stat.drop.minecraft.rotten_flesh":3,"stat.mineBlock.minecraft.double_plant":1,"stat.pickup.minecraft.log":2,"stat.mineBlock.galacticraftcore.basic_block_core":2,"stat.pickup.minecraft.tallgrass":6,"stat.pickup.minecraft.web":1,"stat.drop.minecraft.sapling":2,"stat.entityKilledBy.vampirism.advanced_vampire":1,"stat.killEntity.vampirism.advanced_vampire":1,"stat.pickup.minecraft.sapling":25,"stat.pickup.minecraft.wooden_door":1,"stat.pickup.minecraft.coal_block":6,"stat.drop.minecraft.fish":2,"stat.useItem.minecraft.iron_sword":112,"stat.craftItem.minecraft.planks":8,"stat.drop.lycanitesmobs.poisongland":2,"stat.pickup.lycanitesmobs.lifedraincharge":2,"stat.mineBlock.minecraft.log":3,"stat.mineBlock.minecraft.waterlily":1,"stat.drop.tconstruct.edible":1,"stat.pickup.minecraft.red_flower":2,"stat.pickup.mutantbeasts.mutant_skeleton_limb":2,"stat.sneakTime":5059,"stat.pickup.minecraft.wool":2,"stat.pickup.bewitchment.hellebore_seeds":2,"stat.pickup.minecraft.bone":54,"stat.drop.minecraft.sugar":6,"stat.useItem.cyclicmagic.emerald_sword":86,"stat.pickup.fossil.biofossil":1,"stat.mineBlock.minecraft.cobblestone":10,"raiko.kill":3,"stat.pickup.vampiresneedumbrellas.white_iron_umbrella":1,"stat.craftItem.tombstone.grave_key":12,"stat.pickup.minecraft.leather_chestplate":1,"stat.swimOneCm":92274,"stat.pickup.quark.glass_shards":7,"stat.climbOneCm":39343,"stat.pickup.minecraft.enchanted_book":3,"stat.pickup.minecraft.cooked_porkchop":1,"stat.mineBlock.evilcraft.dark_ore":1,"stat.pickup.mutantbeasts.mutant_skeleton_chestplate":1,"strider.kill":1,"stat.pickup.vampirism.blood_bottle":1,"stat.entityKilledBy.mutantbeasts.mutant_zombie":5,"stat.useItem.minecraft.dirt":20,"stat.pickup.wings.fairy_dust":4,"stat.useItem.minecraft.stone_slab2":21,"stat.killEntity.Piranha":2,"stat.pickup.minecraft.iron_boots":1,"stat.pickup.lycanitesmobs.sprigganroot":1,"stat.entityKilledBy.mutantbeasts.mutant_enderman":2,"stat.drop.evilcraft.werewolf_flesh":10,"stat.useItem.minecraft.egg":3,"stat.craftItem.minecraft.iron_boots":1,"stat.pickup.minecraft.pumpkin_pie":2,"stat.pickup.mysticalworld.silkworm_egg":3,"stat.pickup.mutantbeasts.mutant_skeleton_leggings":1,"stat.drop.minecraft.ender_pearl":1,"stat.pickup.minecraft.cobblestone":32,"stat.pickup.mutantbeasts.mutant_skeleton_rib":1,"stat.flyOneCm":3756055,"stat.drop.minecraft.iron_helmet":5,"stat.pickup.minecraft.glass_bottle":1,"stat.pickup.minecraft.nether_brick_stairs":1,"stat.pickup.minecraft.fish":15,"stat.drop.minecraft.wheat_seeds":24,"stat.pickup.minecraft.cactus":2,"stat.entityKilledBy.divinerpg.kobblin":1,"stat.pickup.minecraft.redstone":1,"stat.mineBlock.minecraft.iron_ore":1,"stat.timeSinceDeath":5525,"stat.pickup.fossil.plant_fossil":1,"stat.pickup.minecraft.mutton":5,"stat.pickup.minecraft.mossy_cobblestone":2,"stat.mineBlock.minecraft.coal_block":6,"stat.pickup.minecraft.stonebrick":2,"stat.pickup.galacticraftcore.basic_block_core":2,"stat.useItem.minecraft.cooked_porkchop":6,"stat.pickup.lycanitesmobs.whirlwindcharge":2,"stat.pickup.cyberware.manaseer_lens":1,"stat.drop.minecraft.wool":2,"stat.mineBlock.minecraft.coal_ore":1,"stat.talkedToVillager":83,"stat.pickup.minecraft.string":13,"stat.entityKilledBy.divinerpg.miner":1,"stat.pickup.tombstone.crafting_ingredient":3,"stat.entityKilledBy.Skeleton":3,"stat.craftItem.minecraft.stone_slab2":0,"stat.pickup.roots.stone_knife":1,"stat.pickup.mysticalworld.silver_ingot":2,"stat.sprintOneCm":976518,"stat.pickup.fossil.relic_scrap":1,"stat.waystones:waystonesActivated":1,"stat.useItem.minecraft.carrot":14,"stat.pickup.mutantbeasts.mutant_skeleton_boots":1,"stat.pickup.minecraft.leather_leggings":1,"stat.pickup.minecraft.sugar":12,"stat.mineBlock.minecraft.planks":3,"stat.drop":102,"stat.pickup.lycanitesmobs.immunizer":1,"stat.pickup.cyclicmagic.tool_warp_spawn":1,"stat.drop.tombstone.grave_key":9,"stat.entityKilledBy.mutantbeasts.mutant_creeper":1,"stat.pickup.tombstone.grave_key":11,"stat.pickup.minecraft.slime_ball":2,"stat.killEntity.Zombie":12,"stat.pickup.minecraft.snowball":2,"stat.pickup.cyberware.shades2":1,"stat.pickup.roots.terra_spores":3,"stat.diveOneCm":100398,"stat.pickup.minecraft.wheat":10,"stat.useItem.cyclicmagic.emerald_pickaxe":86,"stat.mineBlock.minecraft.mossy_cobblestone":2,"stat.entityKilledBy.bewitchment.black_dog":1,"stat.pickup.mysticalworld.copper_helmet":1,"stat.craftItem.minecraft.cooked_porkchop":6,"abaia.kill":3,"stat.useItem.minecraft.waterlily":8,"stat.useItem.minecraft.apple":2,"stat.pickup.minecraft.obsidian":1,"stat.useItem.minecraft.porkchop":3,"stat.useItem.minecraft.potion":2,"stat.useItem.minecraft.rotten_flesh":1,"stat.drop.minecraft.cooked_porkchop":1,"stat.jump":6861,"stat.pickup.minecraft.coal":1,"stat.pickup.minecraft.iron_helmet":5,"stat.mineBlock.fossil.fossil":3,"stat.pickup.minecraft.gunpowder":4,"stat.pickup.minecraft.spider_eye":3,"stat.pickup.minecraft.dirt":35,"stat.craftItem.minecraft.iron_helmet":1,"stat.pickup.evilcraft.dark_gem_crushed":1,"stat.pickup.vampirism.vampire_fang":1,"stat.pickup.minecraft.iron_ore":1,"stat.pickup.cyberware.jacket":1,"stat.pickup.lycanitesmobs.poisongland":7,"roc.kill":18,"reaper.kill":3,"stat.mineBlock.minecraft.iron_bars":4,"tombstone:sneak_grave":3,"stat.mineBlock.minecraft.stone_stairs":5,"stat.damageTaken":30134,"stat.pickup.minecraft.leather":5,"stat.killEntity.tconstruct.blueslime":1,"stat.pickup.minecraft.prismarine_shard":2,"stat.pickup.evilcraft.dark_gem":1,"stat.pickup.minecraft.ender_eye":3,"stat.pickup.mysticalagriculture.crafting":17,"stat.pickup.minecraft.reeds":4,"stat.entityKilledBy.ZombieVillager":1,"stat.pickup.minecraft.bed":1,"stat.drop.minecraft.nether_brick_fence":1,"tombstone:undead_killed":19,"stat.useItem.tombstone.grave_key":59,"stat.pickup.minecraft.potato":3,"stat.pickup.minecraft.oak_stairs":5,"stat.damageDealt":10146,"stat.sleepInBed":37,"stat.killEntity.Silverfish":1,"stat.mineBlock.quark.roots_blue_flower":1,"stat.killEntity.Pig":3,"stat.pickup.bewitchment.oak_apple_gall":1,"stat.killEntity.cyberzombie":1,"stat.walkOneCm":631916,"stat.drop.minecraft.wheat":9,"stat.useItem.cyclicmagic.heart_food":1,"stat.pickup.quark.root_flower":1,"stat.useItem.tombstone.gift":2,"stat.pickup.minecraft.tnt":1,"stat.pickup.lycanitesmobs.zephyrcloud":1,"stat.craftItem.minecraft.iron_chestplate":1,"stat.pickup.minecraft.ender_pearl":17,"stat.pickup.cyberware.cyberlimbs":1,"stat.pickup.minecraft.chorus_fruit":2,"stat.pickup.minecraft.gold_ingot":2,"stat.mobKills":81,"stat.pickup.minecraft.quartz":47,"stat.mineBlock.minecraft.leaves":3,"stat.mineBlock.wings.fairy_dust_ore":4,"stat.pickup.minecraft.torch":1,"stat.entityKilledBy.Silverfish":1,"stat.pickup.evilcraft.werewolf_flesh":2,"stat.mineBlock.minecraft.hay_block":24,"stat.mineBlock.minecraft.stone":29}